{
  "clinical medicine a systen of diagnosis in outline.pdf": 1754138062.9922779,
  "harrison 15th edition principle of internal medicine.pdf": 1754137873.880115,
  "The Gale ENCYCLOPEDIA of MEDICINE.pdf": 1753721951.8847733,
  "Tintinalli's Emergency Medicine Manual, Eighth Edition.pdf": 1754138853.9342558,
  "Davidson's principle and practice of Medicine 24th Edition.pdf": 1754138083.9309018
}